ZIP_CODE,REGION
90001,LA
90002,LA
90003,LA
90004,LA
90005,LA
90006,LA
90007,LA
90008,LA
90009,LA
90010,LA
90011,LA
90012,LA
90013,LA
90014,LA
90015,LA
90016,LA
90017,LA
90018,LA
90019,LA
90020,LA
90021,LA
90022,LA
90023,LA
90024,LA
90025,LA
90026,LA
90027,LA
90028,LA
90029,LA
90030,LA
90031,LA
90032,LA
90033,LA
90034,LA
90035,LA
90036,LA
90037,LA
90038,LA
90039,LA
90040,LA
90041,LA
90042,LA
90043,LA
90044,LA
90045,LA
90046,LA
90047,LA
90048,LA
90049,LA
90050,LA
90051,LA
90052,LA
90053,LA
90054,LA
90055,LA
90056,LA
90057,LA
90058,LA
90059,LA
90060,LA
90061,LA
90062,LA
90063,LA
90064,LA
90065,LA
90066,LA
90067,LA
90068,LA
90069,LA
90070,LA
90071,LA
90072,LA
90073,LA
90074,LA
90075,LA
90076,LA
90077,LA
90078,LA
90079,LA
90080,LA
90081,LA
90082,LA
90083,LA
90084,LA
90086,LA
90087,LA
90088,LA
90089,LA
90091,LA
90093,LA
90094,LA
90095,LA
90096,LA
90099,LA
90101,LA
90102,LA
90103,LA
90189,LA
90201,LA
90202,LA
90209,LA
90210,LA
90211,LA
90212,LA
90213,LA
90220,LA
90221,LA
90222,LA
90223,LA
90224,LA
90230,LA
90231,LA
90232,LA
90233,LA
90239,LA
90240,LA
90241,LA
90242,LA
90245,LA
90247,LA
90248,LA
90249,LA
90250,LA
90251,LA
90254,LA
90255,LA
90260,LA
90261,LA
90262,LA
90263,LA
90264,LA
90265,LA
90266,LA
90267,LA
90270,LA
90272,LA
90274,LA
90275,LA
90277,LA
90278,LA
90280,LA
90290,LA
90291,LA
90292,LA
90293,LA
90294,LA
90295,LA
90296,LA
90301,LA
90302,LA
90303,LA
90304,LA
90305,LA
90306,LA
90307,LA
90308,LA
90309,LA
90310,LA
90311,LA
90312,LA
90313,LA
90397,LA
90398,LA
90401,LA
90402,LA
90403,LA
90404,LA
90405,LA
90406,LA
90407,LA
90408,LA
90409,LA
90410,LA
90411,LA
90501,LA
90502,LA
90503,LA
90504,LA
90505,LA
90506,LA
90507,LA
90508,LA
90509,LA
90510,LA
90601,LA
90602,LA
90603,LA
90604,LA
90605,LA
90606,LA
90607,LA
90608,LA
90609,LA
90610,LA
90612,LA
90620,OC
90621,OC
90622,OC
90623,OC
90624,OC
90630,OC
90631,OC
90632,OC
90633,OC
90637,LA
90638,LA
90639,LA
90640,LA
90650,LA
90651,LA
90652,LA
90659,LA
90660,LA
90661,LA
90662,LA
90670,LA
90671,LA
90680,OC
90701,LA
90702,LA
90703,LA
90704,LA
90706,LA
90707,LA
90710,LA
90711,LA
90712,LA
90713,LA
90714,LA
90715,LA
90716,LA
90717,LA
90720,OC
90721,OC
90723,LA
90731,LA
90732,LA
90733,LA
90734,LA
90740,OC
90742,OC
90743,OC
90744,LA
90745,LA
90746,LA
90747,LA
90748,LA
90749,LA
90755,LA
90801,LA
90802,LA
90803,LA
90804,LA
90805,LA
90806,LA
90807,LA
90808,LA
90809,LA
90810,LA
90813,LA
90814,LA
90815,LA
90822,LA
90831,LA
90832,LA
90833,LA
90834,LA
90835,LA
90840,LA
90842,LA
90844,LA
90845,LA
90846,LA
90847,LA
90848,LA
90853,LA
90888,LA
90895,LA
90899,LA
91001,LA
91003,LA
91006,LA
91007,LA
91009,LA
91010,LA
91011,LA
91012,LA
91016,LA
91017,LA
91020,LA
91021,LA
91023,LA
91024,LA
91025,LA
91030,LA
91031,LA
91040,LA
91041,LA
91042,LA
91043,LA
91046,LA
91066,LA
91077,LA
91101,LA
91102,LA
91103,LA
91104,LA
91105,LA
91106,LA
91107,LA
91108,LA
91109,LA
91110,LA
91114,LA
91115,LA
91116,LA
91117,LA
91118,LA
91121,LA
91123,LA
91124,LA
91125,LA
91126,LA
91129,LA
91131,LA
91182,LA
91184,LA
91185,LA
91188,LA
91189,LA
91191,LA
91199,LA
91201,LA
91202,LA
91203,LA
91204,LA
91205,LA
91206,LA
91207,LA
91208,LA
91209,LA
91210,LA
91214,LA
91221,LA
91222,LA
91224,LA
91225,LA
91226,LA
91301,VALLEY
91302,VALLEY
91303,VALLEY
91304,VALLEY
91305,VALLEY
91306,VALLEY
91307,VALLEY
91308,VALLEY
91309,VALLEY
91310,VALLEY
91311,VALLEY
91313,VALLEY
91316,VALLEY
91319,VENTURA CO
91320,VENTURA CO
91321,VALLEY
91322,VALLEY
91324,VALLEY
91325,VALLEY
91326,VALLEY
91327,VALLEY
91328,VALLEY
91329,VALLEY
91330,VALLEY
91331,VALLEY
91333,VALLEY
91334,VALLEY
91335,VALLEY
91337,VALLEY
91340,VALLEY
91341,VALLEY
91342,VALLEY
91343,VALLEY
91344,VALLEY
91345,VALLEY
91346,VALLEY
91350,VALLEY
91351,VALLEY
91352,VALLEY
91353,VALLEY
91354,VALLEY
91355,VALLEY
91356,VALLEY
91357,VALLEY
91358,VENTURA CO
91359,VENTURA CO
91360,VENTURA CO
91361,VENTURA CO
91362,VENTURA CO
91363,VALLEY
91364,VALLEY
91365,VALLEY
91367,VALLEY
91371,VALLEY
91372,VALLEY
91376,VALLEY
91377,VENTURA CO
91380,VALLEY
91381,VALLEY
91382,VALLEY
91383,VALLEY
91384,VALLEY
91385,VALLEY
91386,VALLEY
91387,VALLEY
91388,VALLEY
91390,VALLEY
91392,VALLEY
91393,VALLEY
91394,VALLEY
91395,VALLEY
91396,VALLEY
91399,VALLEY
91401,VALLEY
91402,VALLEY
91403,VALLEY
91404,VALLEY
91405,VALLEY
91406,VALLEY
91407,VALLEY
91408,VALLEY
91409,VALLEY
91410,VALLEY
91411,VALLEY
91412,VALLEY
91413,VALLEY
91416,VALLEY
91423,VALLEY
91426,VALLEY
91436,VALLEY
91470,VALLEY
91482,VALLEY
91495,VALLEY
91496,VALLEY
91497,VALLEY
91499,VALLEY
91501,VALLEY
91502,VALLEY
91503,VALLEY
91504,VALLEY
91505,VALLEY
91506,VALLEY
91507,VALLEY
91508,VALLEY
91510,VALLEY
91521,VALLEY
91522,VALLEY
91523,VALLEY
91526,VALLEY
91601,VALLEY
91602,VALLEY
91603,VALLEY
91604,VALLEY
91605,VALLEY
91606,VALLEY
91607,VALLEY
91608,VALLEY
91609,VALLEY
91610,VALLEY
91611,VALLEY
91612,VALLEY
91614,VALLEY
91615,VALLEY
91616,VALLEY
91617,VALLEY
91618,VALLEY
91701,IE/RIVERSIDE
91702,LA
91706,LA
91708,IE/RIVERSIDE
91709,IE/RIVERSIDE
91710,IE/RIVERSIDE
91711,LA
91714,LA
91715,LA
91716,LA
91722,LA
91723,LA
91724,LA
91729,IE/RIVERSIDE
91730,IE/RIVERSIDE
91731,LA
91732,LA
91733,LA
91734,LA
91735,LA
91737,IE/RIVERSIDE
91739,IE/RIVERSIDE
91740,LA
91741,LA
91743,IE/RIVERSIDE
91744,LA
91745,LA
91746,LA
91747,LA
91748,LA
91749,LA
91750,LA
91752,IE/RIVERSIDE
91754,LA
91755,LA
91756,LA
91758,IE/RIVERSIDE
91759,LA
91761,IE/RIVERSIDE
91762,IE/RIVERSIDE
91763,IE/RIVERSIDE
91764,IE/RIVERSIDE
91765,LA
91766,LA
91767,LA
91768,LA
91769,LA
91770,LA
91771,LA
91772,LA
91773,LA
91775,LA
91776,LA
91778,LA
91780,LA
91784,IE/RIVERSIDE
91785,IE/RIVERSIDE
91786,IE/RIVERSIDE
91788,LA
91789,LA
91790,LA
91791,LA
91792,LA
91793,LA
91795,LA
91797,LA
91798,IE/RIVERSIDE
91799,LA
91801,LA
91802,LA
91803,LA
91804,LA
91841,LA
91896,LA
91899,LA
91901,SAN DIEGO
91902,SAN DIEGO
91903,SAN DIEGO
91905,SAN DIEGO
91906,SAN DIEGO
91908,SAN DIEGO
91909,SAN DIEGO
91910,SAN DIEGO
91911,SAN DIEGO
91912,SAN DIEGO
91913,SAN DIEGO
91914,SAN DIEGO
91915,SAN DIEGO
91916,SAN DIEGO
91917,SAN DIEGO
91921,SAN DIEGO
91931,SAN DIEGO
91932,SAN DIEGO
91933,SAN DIEGO
91934,SAN DIEGO
91935,SAN DIEGO
91941,SAN DIEGO
91942,SAN DIEGO
91943,SAN DIEGO
91944,SAN DIEGO
91945,SAN DIEGO
91946,SAN DIEGO
91947,SAN DIEGO
91948,SAN DIEGO
91950,SAN DIEGO
91951,SAN DIEGO
91962,SAN DIEGO
91963,SAN DIEGO
91976,SAN DIEGO
91977,SAN DIEGO
91978,SAN DIEGO
91979,SAN DIEGO
91980,SAN DIEGO
91987,SAN DIEGO
91990,SAN DIEGO
92003,SAN DIEGO
92004,SAN DIEGO
92007,SAN DIEGO
92008,SAN DIEGO
92009,SAN DIEGO
92010,SAN DIEGO
92011,SAN DIEGO
92013,SAN DIEGO
92014,SAN DIEGO
92018,SAN DIEGO
92019,SAN DIEGO
92020,SAN DIEGO
92021,SAN DIEGO
92022,SAN DIEGO
92023,SAN DIEGO
92024,SAN DIEGO
92025,SAN DIEGO
92026,SAN DIEGO
92027,SAN DIEGO
92028,SAN DIEGO
92029,SAN DIEGO
92030,SAN DIEGO
92033,SAN DIEGO
92036,SAN DIEGO
92037,SAN DIEGO
92038,SAN DIEGO
92039,SAN DIEGO
92040,SAN DIEGO
92046,SAN DIEGO
92049,SAN DIEGO
92051,SAN DIEGO
92052,SAN DIEGO
92054,SAN DIEGO
92055,SAN DIEGO
92056,SAN DIEGO
92057,SAN DIEGO
92059,SAN DIEGO
92060,SAN DIEGO
92061,SAN DIEGO
92064,SAN DIEGO
92065,SAN DIEGO
92066,SAN DIEGO
92067,SAN DIEGO
92068,SAN DIEGO
92069,SAN DIEGO
92070,SAN DIEGO
92071,SAN DIEGO
92072,SAN DIEGO
92074,SAN DIEGO
92075,SAN DIEGO
92078,SAN DIEGO
92079,SAN DIEGO
92081,SAN DIEGO
92082,SAN DIEGO
92083,SAN DIEGO
92084,SAN DIEGO
92085,SAN DIEGO
92086,SAN DIEGO
92088,SAN DIEGO
92090,SAN DIEGO
92091,SAN DIEGO
92092,SAN DIEGO
92093,SAN DIEGO
92096,SAN DIEGO
92101,SAN DIEGO
92102,SAN DIEGO
92103,SAN DIEGO
92104,SAN DIEGO
92105,SAN DIEGO
92106,SAN DIEGO
92107,SAN DIEGO
92108,SAN DIEGO
92109,SAN DIEGO
92110,SAN DIEGO
92111,SAN DIEGO
92112,SAN DIEGO
92113,SAN DIEGO
92114,SAN DIEGO
92115,SAN DIEGO
92116,SAN DIEGO
92117,SAN DIEGO
92118,SAN DIEGO
92119,SAN DIEGO
92120,SAN DIEGO
92121,SAN DIEGO
92122,SAN DIEGO
92123,SAN DIEGO
92124,SAN DIEGO
92126,SAN DIEGO
92127,SAN DIEGO
92128,SAN DIEGO
92129,SAN DIEGO
92130,SAN DIEGO
92131,SAN DIEGO
92132,SAN DIEGO
92133,SAN DIEGO
92134,SAN DIEGO
92135,SAN DIEGO
92136,SAN DIEGO
92137,SAN DIEGO
92138,SAN DIEGO
92139,SAN DIEGO
92140,SAN DIEGO
92142,SAN DIEGO
92143,SAN DIEGO
92145,SAN DIEGO
92147,SAN DIEGO
92149,SAN DIEGO
92150,SAN DIEGO
92152,SAN DIEGO
92153,SAN DIEGO
92154,SAN DIEGO
92155,SAN DIEGO
92158,SAN DIEGO
92159,SAN DIEGO
92160,SAN DIEGO
92161,SAN DIEGO
92162,SAN DIEGO
92163,SAN DIEGO
92164,SAN DIEGO
92165,SAN DIEGO
92166,SAN DIEGO
92167,SAN DIEGO
92168,SAN DIEGO
92169,SAN DIEGO
92170,SAN DIEGO
92171,SAN DIEGO
92172,SAN DIEGO
92173,SAN DIEGO
92174,SAN DIEGO
92175,SAN DIEGO
92176,SAN DIEGO
92177,SAN DIEGO
92178,SAN DIEGO
92179,SAN DIEGO
92182,SAN DIEGO
92184,SAN DIEGO
92186,SAN DIEGO
92187,SAN DIEGO
92190,SAN DIEGO
92191,SAN DIEGO
92192,SAN DIEGO
92193,SAN DIEGO
92194,SAN DIEGO
92195,SAN DIEGO
92196,SAN DIEGO
92197,SAN DIEGO
92198,SAN DIEGO
92199,SAN DIEGO
92201,PALM SPRINGS
92202,PALM SPRINGS
92203,PALM SPRINGS
92210,PALM SPRINGS
92211,PALM SPRINGS
92220,PALM SPRINGS
92222,PALM SPRINGS
92223,PALM SPRINGS
92225,PALM SPRINGS
92226,PALM SPRINGS
92227,PALM SPRINGS
92230,PALM SPRINGS
92231,PALM SPRINGS
92232,PALM SPRINGS
92233,PALM SPRINGS
92234,PALM SPRINGS
92235,PALM SPRINGS
92236,PALM SPRINGS
92239,PALM SPRINGS
92240,PALM SPRINGS
92241,PALM SPRINGS
92242,PALM SPRINGS
92243,PALM SPRINGS
92244,PALM SPRINGS
92247,PALM SPRINGS
92248,PALM SPRINGS
92249,PALM SPRINGS
92250,PALM SPRINGS
92251,PALM SPRINGS
92252,PALM SPRINGS
92253,PALM SPRINGS
92254,PALM SPRINGS
92255,PALM SPRINGS
92256,PALM SPRINGS
92257,PALM SPRINGS
92258,PALM SPRINGS
92259,PALM SPRINGS
92260,PALM SPRINGS
92261,PALM SPRINGS
92262,PALM SPRINGS
92263,PALM SPRINGS
92264,PALM SPRINGS
92266,PALM SPRINGS
92267,PALM SPRINGS
92268,PALM SPRINGS
92270,PALM SPRINGS
92273,PALM SPRINGS
92274,PALM SPRINGS
92275,PALM SPRINGS
92276,PALM SPRINGS
92277,PALM SPRINGS
92278,PALM SPRINGS
92280,PALM SPRINGS
92281,PALM SPRINGS
92282,PALM SPRINGS
92283,PALM SPRINGS
92284,PALM SPRINGS
92285,PALM SPRINGS
92286,PALM SPRINGS
92292,PALM SPRINGS
92301,PALM SPRINGS
92304,IE/RIVERSIDE
92305,IE/RIVERSIDE
92307,IE/RIVERSIDE
92308,IE/RIVERSIDE
92309,IE/RIVERSIDE
92310,IE/RIVERSIDE
92311,IE/RIVERSIDE
92312,IE/RIVERSIDE
92313,IE/RIVERSIDE
92314,IE/RIVERSIDE
92315,IE/RIVERSIDE
92316,IE/RIVERSIDE
92317,IE/RIVERSIDE
92318,IE/RIVERSIDE
92320,IE/RIVERSIDE
92321,IE/RIVERSIDE
92322,IE/RIVERSIDE
92323,IE/RIVERSIDE
92324,IE/RIVERSIDE
92325,IE/RIVERSIDE
92326,IE/RIVERSIDE
92327,IE/RIVERSIDE
92328,IE/RIVERSIDE
92329,IE/RIVERSIDE
92331,IE/RIVERSIDE
92332,IE/RIVERSIDE
92333,IE/RIVERSIDE
92334,IE/RIVERSIDE
92335,IE/RIVERSIDE
92336,IE/RIVERSIDE
92337,IE/RIVERSIDE
92338,IE/RIVERSIDE
92339,IE/RIVERSIDE
92340,IE/RIVERSIDE
92341,IE/RIVERSIDE
92342,IE/RIVERSIDE
92344,IE/RIVERSIDE
92345,IE/RIVERSIDE
92346,IE/RIVERSIDE
92347,IE/RIVERSIDE
92350,IE/RIVERSIDE
92352,IE/RIVERSIDE
92354,IE/RIVERSIDE
92356,IE/RIVERSIDE
92357,IE/RIVERSIDE
92358,IE/RIVERSIDE
92359,IE/RIVERSIDE
92363,IE/RIVERSIDE
92364,IE/RIVERSIDE
92365,IE/RIVERSIDE
92366,IE/RIVERSIDE
92368,IE/RIVERSIDE
92369,IE/RIVERSIDE
92371,IE/RIVERSIDE
92372,IE/RIVERSIDE
92373,IE/RIVERSIDE
92374,IE/RIVERSIDE
92375,IE/RIVERSIDE
92376,IE/RIVERSIDE
92377,IE/RIVERSIDE
92378,IE/RIVERSIDE
92382,IE/RIVERSIDE
92384,IE/RIVERSIDE
92385,IE/RIVERSIDE
92386,IE/RIVERSIDE
92389,IE/RIVERSIDE
92391,IE/RIVERSIDE
92392,IE/RIVERSIDE
92393,IE/RIVERSIDE
92394,IE/RIVERSIDE
92395,IE/RIVERSIDE
92397,IE/RIVERSIDE
92398,IE/RIVERSIDE
92399,IE/RIVERSIDE
92401,IE/RIVERSIDE
92402,IE/RIVERSIDE
92403,IE/RIVERSIDE
92404,IE/RIVERSIDE
92405,IE/RIVERSIDE
92406,IE/RIVERSIDE
92407,IE/RIVERSIDE
92408,IE/RIVERSIDE
92410,IE/RIVERSIDE
92411,IE/RIVERSIDE
92412,IE/RIVERSIDE
92413,IE/RIVERSIDE
92414,IE/RIVERSIDE
92415,IE/RIVERSIDE
92418,IE/RIVERSIDE
92423,IE/RIVERSIDE
92424,IE/RIVERSIDE
92427,IE/RIVERSIDE
92501,IE/RIVERSIDE
92502,IE/RIVERSIDE
92503,IE/RIVERSIDE
92504,IE/RIVERSIDE
92505,IE/RIVERSIDE
92506,IE/RIVERSIDE
92507,IE/RIVERSIDE
92508,IE/RIVERSIDE
92509,IE/RIVERSIDE
92513,IE/RIVERSIDE
92514,IE/RIVERSIDE
92515,IE/RIVERSIDE
92516,IE/RIVERSIDE
92517,IE/RIVERSIDE
92518,IE/RIVERSIDE
92519,IE/RIVERSIDE
92521,IE/RIVERSIDE
92522,IE/RIVERSIDE
92530,IE/RIVERSIDE
92531,IE/RIVERSIDE
92532,IE/RIVERSIDE
92536,IE/RIVERSIDE
92539,IE/RIVERSIDE
92543,IE/RIVERSIDE
92544,IE/RIVERSIDE
92545,IE/RIVERSIDE
92546,IE/RIVERSIDE
92548,IE/RIVERSIDE
92549,IE/RIVERSIDE
92551,IE/RIVERSIDE
92552,IE/RIVERSIDE
92553,IE/RIVERSIDE
92554,IE/RIVERSIDE
92555,IE/RIVERSIDE
92556,IE/RIVERSIDE
92557,IE/RIVERSIDE
92561,IE/RIVERSIDE
92562,IE/RIVERSIDE
92563,IE/RIVERSIDE
92564,IE/RIVERSIDE
92567,IE/RIVERSIDE
92570,IE/RIVERSIDE
92571,IE/RIVERSIDE
92572,IE/RIVERSIDE
92581,IE/RIVERSIDE
92582,IE/RIVERSIDE
92583,IE/RIVERSIDE
92584,IE/RIVERSIDE
92585,IE/RIVERSIDE
92586,IE/RIVERSIDE
92587,IE/RIVERSIDE
92589,IE/RIVERSIDE
92590,IE/RIVERSIDE
92591,IE/RIVERSIDE
92592,IE/RIVERSIDE
92593,IE/RIVERSIDE
92595,IE/RIVERSIDE
92596,IE/RIVERSIDE
92599,IE/RIVERSIDE
92602,OC
92603,OC
92604,OC
92605,OC
92606,OC
92607,OC
92609,OC
92610,OC
92612,OC
92614,OC
92615,OC
92616,OC
92617,OC
92618,OC
92619,OC
92620,OC
92623,OC
92624,OC
92625,OC
92626,OC
92627,OC
92628,OC
92629,OC
92630,OC
92637,OC
92646,OC
92647,OC
92648,OC
92649,OC
92650,OC
92651,OC
92652,OC
92653,OC
92654,OC
92655,OC
92656,OC
92657,OC
92658,OC
92659,OC
92660,OC
92661,OC
92662,OC
92663,OC
92672,OC
92673,OC
92674,OC
92675,OC
92676,OC
92677,OC
92678,OC
92679,OC
92683,OC
92684,OC
92685,OC
92688,OC
92690,OC
92691,OC
92692,OC
92693,OC
92694,OC
92697,OC
92698,OC
92701,OC
92702,OC
92703,OC
92704,OC
92705,OC
92706,OC
92707,OC
92708,OC
92709,OC
92710,OC
92711,OC
92712,OC
92725,OC
92728,OC
92735,OC
92780,OC
92781,OC
92782,OC
92799,OC
92801,OC
92802,OC
92803,OC
92804,OC
92805,OC
92806,OC
92807,OC
92808,OC
92809,OC
92811,OC
92812,OC
92814,OC
92815,OC
92816,OC
92817,OC
92821,OC
92822,OC
92823,OC
92825,OC
92831,OC
92832,OC
92833,OC
92834,OC
92835,OC
92836,OC
92837,OC
92838,OC
92840,OC
92841,OC
92842,OC
92843,OC
92844,OC
92845,OC
92846,OC
92850,OC
92856,OC
92857,OC
92859,OC
92860,IE/RIVERSIDE
92861,OC
92862,OC
92863,OC
92864,OC
92865,OC
92866,OC
92867,OC
92868,OC
92869,OC
92870,OC
92871,OC
92877,IE/RIVERSIDE
92878,IE/RIVERSIDE
92879,IE/RIVERSIDE
92880,IE/RIVERSIDE
92881,IE/RIVERSIDE
92882,IE/RIVERSIDE
92883,IE/RIVERSIDE
92885,OC
92886,OC
92887,OC
92899,OC
93001,VENTURA CO
93002,VENTURA CO
93003,VENTURA CO
93004,VENTURA CO
93005,VENTURA CO
93006,VENTURA CO
93007,VENTURA CO
93009,VENTURA CO
93010,VENTURA CO
93011,VENTURA CO
93012,VENTURA CO
93013,VENTURA CO
93014,VENTURA CO
93015,VENTURA CO
93016,VENTURA CO
93020,VENTURA CO
93021,VENTURA CO
93022,VENTURA CO
93023,VENTURA CO
93024,VENTURA CO
93030,VENTURA CO
93031,VENTURA CO
93032,VENTURA CO
93033,VENTURA CO
93034,VENTURA CO
93035,VENTURA CO
93036,VENTURA CO
93040,VENTURA CO
93041,VENTURA CO
93042,VENTURA CO
93043,VENTURA CO
93044,VENTURA CO
93060,VENTURA CO
93061,VENTURA CO
93062,VENTURA CO
93063,VENTURA CO
93064,VENTURA CO
93065,VENTURA CO
93066,VENTURA CO
93067,VENTURA CO
93093,VENTURA CO
93094,VENTURA CO
93099,VENTURA CO
93101,VENTURA CO
93102,VENTURA CO
93103,VENTURA CO
93105,VENTURA CO
93106,VENTURA CO
93107,VENTURA CO
93108,VENTURA CO
93109,VENTURA CO
93110,VENTURA CO
93111,VENTURA CO
93116,VENTURA CO
93117,VENTURA CO
93118,VENTURA CO
93120,VENTURA CO
93121,VENTURA CO
93130,VENTURA CO
93140,VENTURA CO
93150,VENTURA CO
93160,VENTURA CO
93190,VENTURA CO
93199,VENTURA CO
93201,
93202,
93203,
93204,
93205,
93206,
93207,
93208,
93210,
93212,
93215,
93216,
93218,
93219,
93220,
93221,
93222,
93223,
93224,
93225,
93226,
93227,
93230,
93232,
93234,
93235,
93237,
93238,
93239,
93240,
93241,
93242,
93243,
93244,
93245,
93246,
93247,
93249,
93250,
93251,
93252,
93254,
93255,
93256,
93257,
93258,
93260,
93261,
93262,
93263,
93265,
93266,
93267,
93268,
93270,
93271,
93272,
93274,
93275,
93276,
93277,
93278,
93279,
93280,
93282,
93283,
93285,
93286,
93287,
93290,
93291,
93292,
93301,
93302,
93303,
93304,
93305,
93306,
93307,
93308,
93309,
93311,
93312,
93313,
93314,
93380,
93381,
93382,
93383,
93384,
93385,
93386,
93387,
93388,
93389,
93390,
93401,
93402,
93403,
93405,
93406,
93407,
93408,
93409,
93410,
93412,
93420,
93421,
93422,
93423,
93424,
93426,
93427,
93428,
93429,
93430,
93432,
93433,
93434,
93435,
93436,
93437,
93438,
93440,
93441,
93442,
93443,
93444,
93445,
93446,
93447,
93448,
93449,
93450,
93451,
93452,
93453,
93454,
93455,
93456,
93457,
93458,
93460,
93461,
93463,
93464,
93465,
93475,
93483,
93501,
93502,
93504,
93505,
93510,
93512,
93513,
93514,
93515,
93516,
93517,
93518,
93519,
93522,
93523,
93524,
93526,
93527,
93528,
93529,
93530,
93531,
93532,
93534,
93535,
93536,
93539,
93541,
93542,
93543,
93544,
93545,
93546,
93549,
93550,
93551,
93552,
93553,
93554,
93555,
93556,
93558,
93560,
93561,
93562,
93563,
93581,
93584,
93586,
93590,
93591,
93592,
93596,
93599,
93601,
93602,
93603,
93604,
93605,
93606,
93607,
93608,
93609,
93610,
93611,
93612,
93613,
93614,
93615,
93616,
93618,
93619,
93620,
93621,
93622,
93623,
93624,
93625,
93626,
93627,
93628,
93630,
93631,
93633,
93634,
93635,
93636,
93637,
93638,
93639,
93640,
93641,
93642,
93643,
93644,
93645,
93646,
93647,
93648,
93649,
93650,
93651,
93652,
93653,
93654,
93656,
93657,
93660,
93661,
93662,
93664,
93665,
93666,
93667,
93668,
93669,
93670,
93673,
93675,
93701,
93702,
93703,
93704,
93705,
93706,
93707,
93708,
93709,
93710,
93711,
93712,
93714,
93715,
93716,
93717,
93718,
93720,
93721,
93722,
93723,
93724,
93725,
93726,
93727,
93728,
93729,
93730,
93740,
93741,
93744,
93745,
93747,
93750,
93755,
93760,
93761,
93764,
93765,
93771,
93772,
93773,
93774,
93775,
93776,
93777,
93778,
93779,
93780,
93784,
93786,
93790,
93791,
93792,
93793,
93794,
93844,
93888,
93901,
93902,
93905,
93906,
93907,
93908,
93912,
93915,
93920,
93921,
93922,
93923,
93924,
93925,
93926,
93927,
93928,
93930,
93932,
93933,
93940,
93942,
93943,
93944,
93950,
93953,
93954,
93955,
93960,
93962,
94002,
94005,
94010,
94011,
94013,
94014,
94015,
94016,
94017,
94018,
94019,
94020,
94021,
94022,
94023,
94024,
94025,
94026,
94027,
94028,
94030,
94035,
94037,
94038,
94039,
94040,
94041,
94042,
94043,
94044,
94060,
94061,
94062,
94063,
94064,
94065,
94066,
94070,
94074,
94080,
94083,
94085,
94086,
94087,
94088,
94089,
94096,
94098,
94101,
94102,
94103,
94104,
94105,
94106,
94107,
94108,
94109,
94110,
94111,
94112,
94114,
94115,
94116,
94117,
94118,
94119,
94120,
94121,
94122,
94123,
94124,
94125,
94126,
94127,
94128,
94129,
94130,
94131,
94132,
94133,
94134,
94135,
94136,
94137,
94138,
94139,
94140,
94141,
94142,
94143,
94144,
94145,
94146,
94147,
94150,
94151,
94152,
94153,
94154,
94155,
94156,
94157,
94158,
94159,
94160,
94161,
94162,
94163,
94164,
94165,
94166,
94167,
94168,
94169,
94170,
94171,
94172,
94175,
94177,
94188,
94199,
94203,
94204,
94205,
94206,
94207,
94208,
94209,
94211,
94229,
94230,
94232,
94234,
94235,
94236,
94237,
94239,
94240,
94244,
94245,
94246,
94247,
94248,
94249,
94250,
94252,
94254,
94256,
94257,
94258,
94259,
94261,
94262,
94263,
94267,
94268,
94269,
94271,
94273,
94274,
94277,
94278,
94279,
94280,
94282,
94283,
94284,
94285,
94286,
94287,
94288,
94289,
94290,
94291,
94293,
94294,
94295,
94296,
94297,
94298,
94299,
94301,
94302,
94303,
94304,
94305,
94306,
94309,
94401,
94402,
94403,
94404,
94497,
94501,
94502,
94503,
94506,
94507,
94508,
94509,
94510,
94511,
94512,
94513,
94514,
94515,
94516,
94517,
94518,
94519,
94520,
94521,
94522,
94523,
94524,
94525,
94526,
94527,
94528,
94529,
94530,
94531,
94533,
94534,
94535,
94536,
94537,
94538,
94539,
94540,
94541,
94542,
94543,
94544,
94545,
94546,
94547,
94548,
94549,
94550,
94551,
94552,
94553,
94555,
94556,
94557,
94558,
94559,
94560,
94561,
94562,
94563,
94564,
94565,
94566,
94567,
94568,
94569,
94570,
94571,
94572,
94573,
94574,
94575,
94576,
94577,
94578,
94579,
94580,
94581,
94582,
94583,
94585,
94586,
94587,
94588,
94589,
94590,
94591,
94592,
94595,
94596,
94597,
94598,
94599,
94601,
94602,
94603,
94604,
94605,
94606,
94607,
94608,
94609,
94610,
94611,
94612,
94613,
94614,
94615,
94617,
94618,
94619,
94620,
94621,
94622,
94623,
94624,
94625,
94649,
94659,
94660,
94661,
94662,
94666,
94701,
94702,
94703,
94704,
94705,
94706,
94707,
94708,
94709,
94710,
94712,
94720,
94801,
94802,
94803,
94804,
94805,
94806,
94807,
94808,
94820,
94850,
94901,
94903,
94904,
94912,
94913,
94914,
94915,
94920,
94922,
94923,
94924,
94925,
94926,
94927,
94928,
94929,
94930,
94931,
94933,
94937,
94938,
94939,
94940,
94941,
94942,
94945,
94946,
94947,
94948,
94949,
94950,
94951,
94952,
94953,
94954,
94955,
94956,
94957,
94960,
94963,
94964,
94965,
94966,
94970,
94971,
94972,
94973,
94974,
94975,
94976,
94977,
94978,
94979,
94998,
94999,
95001,
95002,
95003,
95004,
95005,
95006,
95007,
95008,
95009,
95010,
95011,
95012,
95013,
95014,
95015,
95017,
95018,
95019,
95020,
95021,
95023,
95024,
95026,
95030,
95031,
95032,
95033,
95035,
95036,
95037,
95038,
95039,
95041,
95042,
95043,
95044,
95045,
95046,
95050,
95051,
95052,
95053,
95054,
95055,
95056,
95060,
95061,
95062,
95063,
95064,
95065,
95066,
95067,
95070,
95071,
95073,
95075,
95076,
95077,
95101,
95103,
95106,
95108,
95109,
95110,
95111,
95112,
95113,
95115,
95116,
95117,
95118,
95119,
95120,
95121,
95122,
95123,
95124,
95125,
95126,
95127,
95128,
95129,
95130,
95131,
95132,
95133,
95134,
95135,
95136,
95138,
95139,
95140,
95141,
95148,
95150,
95151,
95152,
95153,
95154,
95155,
95156,
95157,
95158,
95159,
95160,
95161,
95164,
95170,
95172,
95173,
95190,
95191,
95192,
95193,
95194,
95196,
95201,
95202,
95203,
95204,
95205,
95206,
95207,
95208,
95209,
95210,
95211,
95212,
95213,
95215,
95219,
95220,
95221,
95222,
95223,
95224,
95225,
95226,
95227,
95228,
95229,
95230,
95231,
95232,
95233,
95234,
95236,
95237,
95240,
95241,
95242,
95245,
95246,
95247,
95248,
95249,
95250,
95251,
95252,
95253,
95254,
95255,
95257,
95258,
95267,
95269,
95296,
95297,
95301,
95303,
95304,
95305,
95306,
95307,
95309,
95310,
95311,
95312,
95313,
95314,
95315,
95316,
95317,
95318,
95319,
95320,
95321,
95322,
95323,
95324,
95325,
95326,
95327,
95328,
95329,
95330,
95333,
95334,
95335,
95336,
95337,
95338,
95340,
95341,
95343,
95344,
95345,
95346,
95347,
95348,
95350,
95351,
95352,
95353,
95354,
95355,
95356,
95357,
95358,
95360,
95361,
95363,
95364,
95365,
95366,
95367,
95368,
95369,
95370,
95372,
95373,
95374,
95375,
95376,
95377,
95378,
95379,
95380,
95381,
95382,
95383,
95385,
95386,
95387,
95388,
95389,
95391,
95397,
95401,
95402,
95403,
95404,
95405,
95406,
95407,
95408,
95409,
95410,
95412,
95415,
95416,
95417,
95418,
95419,
95420,
95421,
95422,
95423,
95424,
95425,
95426,
95427,
95428,
95429,
95430,
95431,
95432,
95433,
95435,
95436,
95437,
95439,
95441,
95442,
95443,
95444,
95445,
95446,
95448,
95449,
95450,
95451,
95452,
95453,
95454,
95456,
95457,
95458,
95459,
95460,
95461,
95462,
95463,
95464,
95465,
95466,
95467,
95468,
95469,
95470,
95471,
95472,
95473,
95476,
95480,
95481,
95482,
95485,
95486,
95487,
95488,
95490,
95492,
95493,
95494,
95497,
95501,
95502,
95503,
95511,
95514,
95518,
95519,
95521,
95524,
95525,
95526,
95527,
95528,
95531,
95532,
95534,
95536,
95537,
95538,
95540,
95542,
95543,
95545,
95546,
95547,
95548,
95549,
95550,
95551,
95552,
95553,
95554,
95555,
95556,
95558,
95559,
95560,
95562,
95563,
95564,
95565,
95567,
95568,
95569,
95570,
95571,
95573,
95585,
95587,
95589,
95595,
95601,
95602,
95603,
95604,
95605,
95606,
95607,
95608,
95609,
95610,
95611,
95612,
95613,
95614,
95615,
95616,
95617,
95618,
95619,
95620,
95621,
95623,
95624,
95625,
95626,
95627,
95628,
95629,
95630,
95631,
95632,
95633,
95634,
95635,
95636,
95637,
95638,
95639,
95640,
95641,
95642,
95644,
95645,
95646,
95648,
95650,
95651,
95652,
95653,
95654,
95655,
95656,
95658,
95659,
95660,
95661,
95662,
95663,
95664,
95665,
95666,
95667,
95668,
95669,
95670,
95671,
95672,
95673,
95674,
95675,
95676,
95677,
95678,
95679,
95680,
95681,
95682,
95683,
95684,
95685,
95686,
95687,
95688,
95689,
95690,
95691,
95692,
95693,
95694,
95695,
95696,
95697,
95698,
95699,
95701,
95703,
95709,
95712,
95713,
95714,
95715,
95717,
95720,
95721,
95722,
95724,
95726,
95728,
95735,
95736,
95741,
95742,
95746,
95747,
95757,
95758,
95759,
95762,
95763,
95765,
95776,
95798,
95799,
95812,
95813,
95814,
95815,
95816,
95817,
95818,
95819,
95820,
95821,
95822,
95823,
95824,
95825,
95826,
95827,
95828,
95829,
95830,
95831,
95832,
95833,
95834,
95835,
95836,
95837,
95838,
95840,
95841,
95842,
95843,
95851,
95852,
95853,
95860,
95864,
95865,
95866,
95867,
95887,
95894,
95899,
95901,
95903,
95910,
95912,
95913,
95914,
95915,
95916,
95917,
95918,
95919,
95920,
95922,
95923,
95924,
95925,
95926,
95927,
95928,
95929,
95930,
95932,
95934,
95935,
95936,
95937,
95938,
95939,
95940,
95941,
95942,
95943,
95944,
95945,
95946,
95947,
95948,
95949,
95950,
95951,
95953,
95954,
95955,
95956,
95957,
95958,
95959,
95960,
95961,
95962,
95963,
95965,
95966,
95967,
95968,
95969,
95970,
95971,
95972,
95973,
95974,
95975,
95976,
95977,
95978,
95979,
95980,
95981,
95982,
95983,
95984,
95986,
95987,
95988,
95991,
95992,
95993,
96001,
96002,
96003,
96006,
96007,
96008,
96009,
96010,
96011,
96013,
96014,
96015,
96016,
96017,
96019,
96020,
96021,
96022,
96023,
96024,
96025,
96027,
96028,
96029,
96031,
96032,
96033,
96034,
96035,
96037,
96038,
96039,
96040,
96041,
96044,
96046,
96047,
96048,
96049,
96050,
96051,
96052,
96054,
96055,
96056,
96057,
96058,
96059,
96061,
96062,
96063,
96064,
96065,
96067,
96068,
96069,
96070,
96071,
96073,
96074,
96075,
96076,
96078,
96079,
96080,
96084,
96085,
96086,
96087,
96088,
96089,
96090,
96091,
96092,
96093,
96094,
96095,
96096,
96097,
96099,
96101,
96103,
96104,
96105,
96106,
96107,
96108,
96109,
96110,
96111,
96112,
96113,
96114,
96115,
96116,
96117,
96118,
96119,
96120,
96121,
96122,
96123,
96124,
96125,
96126,
96127,
96128,
96129,
96130,
96132,
96133,
96134,
96135,
96136,
96137,
96140,
96141,
96142,
96143,
96145,
96146,
96148,
96150,
96151,
96152,
96154,
96155,
96156,
96157,
96158,
96160,
96161,
96162,
89002,LAS VEGAS
89004,LAS VEGAS
89005,LAS VEGAS
89006,LAS VEGAS
89007,LAS VEGAS
89009,LAS VEGAS
89011,LAS VEGAS
89012,LAS VEGAS
89014,LAS VEGAS
89015,LAS VEGAS
89016,LAS VEGAS
89018,LAS VEGAS
89019,LAS VEGAS
89021,LAS VEGAS
89024,LAS VEGAS
89025,LAS VEGAS
89027,LAS VEGAS
89028,LAS VEGAS
89029,LAS VEGAS
89030,LAS VEGAS
89031,LAS VEGAS
89032,LAS VEGAS
89033,LAS VEGAS
89036,LAS VEGAS
89039,LAS VEGAS
89040,LAS VEGAS
89044,LAS VEGAS
89046,LAS VEGAS
89052,LAS VEGAS
89053,LAS VEGAS
89074,LAS VEGAS
89081,LAS VEGAS
89084,LAS VEGAS
89085,LAS VEGAS
89086,LAS VEGAS
89087,LAS VEGAS
89101,LAS VEGAS
89102,LAS VEGAS
89103,LAS VEGAS
89104,LAS VEGAS
89106,LAS VEGAS
89107,LAS VEGAS
89108,LAS VEGAS
89109,LAS VEGAS
89110,LAS VEGAS
89111,LAS VEGAS
89112,LAS VEGAS
89113,LAS VEGAS
89114,LAS VEGAS
89115,LAS VEGAS
89116,LAS VEGAS
89117,LAS VEGAS
89119,LAS VEGAS
89128,LAS VEGAS
89129,LAS VEGAS
89130,LAS VEGAS
89131,LAS VEGAS
89134,LAS VEGAS
89135,LAS VEGAS
89138,LAS VEGAS
89143,LAS VEGAS
89144,LAS VEGAS
89146,LAS VEGAS
89147,LAS VEGAS
89148,LAS VEGAS
89158,LAS VEGAS
89166,LAS VEGAS
89178,LAS VEGAS
89179,LAS VEGAS
85001,ARIZONA
85002,ARIZONA
85003,ARIZONA
85004,ARIZONA
85005,ARIZONA
85006,ARIZONA
85007,ARIZONA
85008,ARIZONA
85009,ARIZONA
85010,ARIZONA
85011,ARIZONA
85012,ARIZONA
85013,ARIZONA
85014,ARIZONA
85015,ARIZONA
85016,ARIZONA
85017,ARIZONA
85018,ARIZONA
85019,ARIZONA
85020,ARIZONA
85021,ARIZONA
85022,ARIZONA
85023,ARIZONA
85024,ARIZONA
85025,ARIZONA
85026,ARIZONA
85027,ARIZONA
85028,ARIZONA
85029,ARIZONA
85030,ARIZONA
85031,ARIZONA
85033,ARIZONA
85034,ARIZONA
85035,ARIZONA
85036,ARIZONA
85037,ARIZONA
85038,ARIZONA
85039,ARIZONA
85040,ARIZONA
85041,ARIZONA
85042,ARIZONA
85043,ARIZONA
85044,ARIZONA
85045,ARIZONA
85046,ARIZONA
85048,ARIZONA
85050,ARIZONA
85051,ARIZONA
85053,ARIZONA
85054,ARIZONA
85055,ARIZONA
85060,ARIZONA
85061,ARIZONA
85062,ARIZONA
85064,ARIZONA
85065,ARIZONA
85066,ARIZONA
85067,ARIZONA
85068,ARIZONA
85069,ARIZONA
85070,ARIZONA
85071,ARIZONA
85072,ARIZONA
85073,ARIZONA
85074,ARIZONA
85075,ARIZONA
85076,ARIZONA
85077,ARIZONA
85078,ARIZONA
85079,ARIZONA
85080,ARIZONA
85082,ARIZONA
85083,ARIZONA
85085,ARIZONA
85086,ARIZONA
85087,ARIZONA
85096,ARIZONA
85097,ARIZONA
85098,ARIZONA
85099,ARIZONA
85117,ARIZONA
85118,ARIZONA
85119,ARIZONA
85120,ARIZONA
85121,ARIZONA
85122,ARIZONA
85123,ARIZONA
85127,ARIZONA
85128,ARIZONA
85130,ARIZONA
85131,ARIZONA
85132,ARIZONA
85135,ARIZONA
85137,ARIZONA
85138,ARIZONA
85139,ARIZONA
85140,ARIZONA
85141,ARIZONA
85142,ARIZONA
85143,ARIZONA
85145,ARIZONA
85147,ARIZONA
85172,ARIZONA
85173,ARIZONA
85178,ARIZONA
85190,ARIZONA
85191,ARIZONA
85192,ARIZONA
85193,ARIZONA
85194,ARIZONA
85201,ARIZONA
85202,ARIZONA
85203,ARIZONA
85204,ARIZONA
85205,ARIZONA
85206,ARIZONA
85207,ARIZONA
85208,ARIZONA
85209,ARIZONA
85210,ARIZONA
85211,ARIZONA
85212,ARIZONA
85213,ARIZONA
85214,ARIZONA
85215,ARIZONA
85216,ARIZONA
85217,ARIZONA
85218,ARIZONA
85219,ARIZONA
85220,ARIZONA
85221,ARIZONA
85222,ARIZONA
85223,ARIZONA
85224,ARIZONA
85225,ARIZONA
85226,ARIZONA
85227,ARIZONA
85228,ARIZONA
85230,ARIZONA
85231,ARIZONA
85232,ARIZONA
85233,ARIZONA
85234,ARIZONA
85235,ARIZONA
85236,ARIZONA
85237,ARIZONA
85238,ARIZONA
85239,ARIZONA
85240,ARIZONA
85241,ARIZONA
85242,ARIZONA
85243,ARIZONA
85244,ARIZONA
85245,ARIZONA
85246,ARIZONA
85247,ARIZONA
85248,ARIZONA
85249,ARIZONA
85250,ARIZONA
85251,ARIZONA
85252,ARIZONA
85253,ARIZONA
85254,ARIZONA
85255,ARIZONA
85256,ARIZONA
85257,ARIZONA
85258,ARIZONA
85259,ARIZONA
85260,ARIZONA
85261,ARIZONA
85262,ARIZONA
85263,ARIZONA
85264,ARIZONA
85266,ARIZONA
85267,ARIZONA
85268,ARIZONA
85269,ARIZONA
85271,ARIZONA
85272,ARIZONA
85273,ARIZONA
85274,ARIZONA
85275,ARIZONA
85277,ARIZONA
85278,ARIZONA
85279,ARIZONA
85280,ARIZONA
85281,ARIZONA
85282,ARIZONA
85283,ARIZONA
85284,ARIZONA
85285,ARIZONA
85286,ARIZONA
85287,ARIZONA
85288,ARIZONA
85289,ARIZONA
85290,ARIZONA
85291,ARIZONA
85292,ARIZONA
85293,ARIZONA
85294,ARIZONA
85295,ARIZONA
85296,ARIZONA
85297,ARIZONA
85298,ARIZONA
85299,ARIZONA
85301,ARIZONA
85302,ARIZONA
85303,ARIZONA
85304,ARIZONA
85305,ARIZONA
85306,ARIZONA
85307,ARIZONA
85308,ARIZONA
85309,ARIZONA
85310,ARIZONA
85311,ARIZONA
85312,ARIZONA
85313,ARIZONA
85318,ARIZONA
85320,ARIZONA
85321,ARIZONA
85322,ARIZONA
85323,ARIZONA
85324,ARIZONA
85325,ARIZONA
85326,ARIZONA
85327,ARIZONA
85328,ARIZONA
85329,ARIZONA
85331,ARIZONA
85332,ARIZONA
85333,ARIZONA
85334,ARIZONA
85335,ARIZONA
85336,ARIZONA
85337,ARIZONA
85338,ARIZONA
85339,ARIZONA
85340,ARIZONA
85341,ARIZONA
85342,ARIZONA
85343,ARIZONA
85344,ARIZONA
85345,ARIZONA
85346,ARIZONA
85347,ARIZONA
85348,ARIZONA
85349,ARIZONA
85350,ARIZONA
85351,ARIZONA
85352,ARIZONA
85353,ARIZONA
85354,ARIZONA
85355,ARIZONA
85356,ARIZONA
85357,ARIZONA
85358,ARIZONA
85359,ARIZONA
85360,ARIZONA
85361,ARIZONA
85362,ARIZONA
85363,ARIZONA
85364,ARIZONA
85365,ARIZONA
85366,ARIZONA
85367,ARIZONA
85369,ARIZONA
85371,ARIZONA
85372,ARIZONA
85373,ARIZONA
85374,ARIZONA
85375,ARIZONA
85376,ARIZONA
85377,ARIZONA
85378,ARIZONA
85379,ARIZONA
85380,ARIZONA
85381,ARIZONA
85382,ARIZONA
85383,ARIZONA
85385,ARIZONA
85387,ARIZONA
85388,ARIZONA
85390,ARIZONA
85392,ARIZONA
85395,ARIZONA
85396,ARIZONA
85501,ARIZONA
85502,ARIZONA
85530,ARIZONA
85531,ARIZONA
85532,ARIZONA
85533,ARIZONA
85534,ARIZONA
85535,ARIZONA
85536,ARIZONA
85539,ARIZONA
85540,ARIZONA
85541,ARIZONA
85542,ARIZONA
85543,ARIZONA
85544,ARIZONA
85545,ARIZONA
85546,ARIZONA
85547,ARIZONA
85548,ARIZONA
85550,ARIZONA
85551,ARIZONA
85552,ARIZONA
85553,ARIZONA
85554,ARIZONA
85601,ARIZONA
85602,ARIZONA
85603,ARIZONA
85605,ARIZONA
85606,ARIZONA
85607,ARIZONA
85608,ARIZONA
85609,ARIZONA
85610,ARIZONA
85611,ARIZONA
85613,ARIZONA
85614,ARIZONA
85615,ARIZONA
85616,ARIZONA
85617,ARIZONA
85618,ARIZONA
85619,ARIZONA
85620,ARIZONA
85621,ARIZONA
85622,ARIZONA
85623,ARIZONA
85624,ARIZONA
85625,ARIZONA
85626,ARIZONA
85627,ARIZONA
85628,ARIZONA
85629,ARIZONA
85630,ARIZONA
85631,ARIZONA
85632,ARIZONA
85633,ARIZONA
85634,ARIZONA
85635,ARIZONA
85636,ARIZONA
85637,ARIZONA
85638,ARIZONA
85639,ARIZONA
85640,ARIZONA
85641,ARIZONA
85643,ARIZONA
85644,ARIZONA
85645,ARIZONA
85646,ARIZONA
85648,ARIZONA
85650,ARIZONA
85652,ARIZONA
85653,ARIZONA
85654,ARIZONA
85655,ARIZONA
85658,ARIZONA
85662,ARIZONA
85670,ARIZONA
85671,ARIZONA
85701,ARIZONA
85702,ARIZONA
85703,ARIZONA
85704,ARIZONA
85705,ARIZONA
85706,ARIZONA
85707,ARIZONA
85708,ARIZONA
85709,ARIZONA
85710,ARIZONA
85711,ARIZONA
85712,ARIZONA
85713,ARIZONA
85714,ARIZONA
85715,ARIZONA
85716,ARIZONA
85717,ARIZONA
85718,ARIZONA
85719,ARIZONA
85720,ARIZONA
85721,ARIZONA
85722,ARIZONA
85723,ARIZONA
85724,ARIZONA
85725,ARIZONA
85726,ARIZONA
85728,ARIZONA
85730,ARIZONA
85731,ARIZONA
85732,ARIZONA
85733,ARIZONA
85734,ARIZONA
85735,ARIZONA
85736,ARIZONA
85737,ARIZONA
85738,ARIZONA
85739,ARIZONA
85740,ARIZONA
85741,ARIZONA
85742,ARIZONA
85743,ARIZONA
85744,ARIZONA
85745,ARIZONA
85746,ARIZONA
85747,ARIZONA
85748,ARIZONA
85749,ARIZONA
85750,ARIZONA
85751,ARIZONA
85752,ARIZONA
85754,ARIZONA
85755,ARIZONA
85756,ARIZONA
85757,ARIZONA
85775,ARIZONA
85777,ARIZONA
85901,ARIZONA
85902,ARIZONA
85911,ARIZONA
85912,ARIZONA
85920,ARIZONA
85922,ARIZONA
85923,ARIZONA
85924,ARIZONA
85925,ARIZONA
85926,ARIZONA
85927,ARIZONA
85928,ARIZONA
85929,ARIZONA
85930,ARIZONA
85931,ARIZONA
85932,ARIZONA
85933,ARIZONA
85934,ARIZONA
85935,ARIZONA
85936,ARIZONA
85937,ARIZONA
85938,ARIZONA
85939,ARIZONA
85940,ARIZONA
85941,ARIZONA
85942,ARIZONA
86001,ARIZONA
86002,ARIZONA
86003,ARIZONA
86004,ARIZONA
86005,ARIZONA
86011,ARIZONA
86015,ARIZONA
86016,ARIZONA
86017,ARIZONA
86018,ARIZONA
86020,ARIZONA
86021,ARIZONA
86022,ARIZONA
86023,ARIZONA
86024,ARIZONA
86025,ARIZONA
86028,ARIZONA
86029,ARIZONA
86030,ARIZONA
86031,ARIZONA
86032,ARIZONA
86033,ARIZONA
86034,ARIZONA
86035,ARIZONA
86036,ARIZONA
86038,ARIZONA
86039,ARIZONA
86040,ARIZONA
86042,ARIZONA
86043,ARIZONA
86044,ARIZONA
86045,ARIZONA
86046,ARIZONA
86047,ARIZONA
86052,ARIZONA
86053,ARIZONA
86054,ARIZONA
86301,ARIZONA
86302,ARIZONA
86303,ARIZONA
86304,ARIZONA
86305,ARIZONA
86312,ARIZONA
86313,ARIZONA
86314,ARIZONA
86315,ARIZONA
86320,ARIZONA
86321,ARIZONA
86322,ARIZONA
86323,ARIZONA
86324,ARIZONA
86325,ARIZONA
86326,ARIZONA
86327,ARIZONA
86329,ARIZONA
86330,ARIZONA
86331,ARIZONA
86332,ARIZONA
86333,ARIZONA
86334,ARIZONA
86335,ARIZONA
86336,ARIZONA
86337,ARIZONA
86338,ARIZONA
86339,ARIZONA
86340,ARIZONA
86341,ARIZONA
86342,ARIZONA
86343,ARIZONA
86351,ARIZONA
86401,ARIZONA
86402,ARIZONA
86403,ARIZONA
86404,ARIZONA
86405,ARIZONA
86406,ARIZONA
86409,ARIZONA
86411,ARIZONA
86412,ARIZONA
86413,ARIZONA
86426,ARIZONA
86427,ARIZONA
86429,ARIZONA
86430,ARIZONA
86431,ARIZONA
86432,ARIZONA
86433,ARIZONA
86434,ARIZONA
86435,ARIZONA
86436,ARIZONA
86437,ARIZONA
86438,ARIZONA
86439,ARIZONA
86440,ARIZONA
86441,ARIZONA
86442,ARIZONA
86443,ARIZONA
86444,ARIZONA
86445,ARIZONA
86446,ARIZONA
86502,ARIZONA
86503,ARIZONA
86504,ARIZONA
86505,ARIZONA
86506,ARIZONA
86507,ARIZONA
86508,ARIZONA
86510,ARIZONA
86511,ARIZONA
86512,ARIZONA
86514,ARIZONA
86515,ARIZONA
86520,ARIZONA
86535,ARIZONA
86538,ARIZONA
86540,ARIZONA
86544,ARIZONA
86545,ARIZONA
86547,ARIZONA
86555,ARIZONA
86556,ARIZONA
